,0,1,2,3,4,5,6,7,8,9,10,11,12,13,14,15,16,17,18,19,20,21,22,23,24,25,26,27,28,29,30,31,32,33,34,35,36,37,38,39,40,41,42,43,44,45,46,47,48,49,50,51,52,53,54,55,56,57,58,59,60,61,62,63,64,65,66,67,68,69,70,71,72,73,74,75,76,77,78,79,80,81,82,83,84,85,86,87,88,89,90,91,92,93,94,95,96,97,98,99,100,101,102,103,104,105,106
0,0.0721,0.0438,0.0916,0.0279,0.0623,0.0421,0.0638,0.0755,0.0804,0.129,0.02411,0.22121,0.01537,0.28095,0.02319,0.19127,0.04159,0.19576,0.07103,0.24677,0.1975,0.12,0.1588,0.2509,0.0765,0.1637,0.1708,0.1154,0.1431,0.1748,0.207,0.1909,0.2204,0.3535,0.2869,-0.280828,0.011752,1.862687,118.13594,542.61329,999.25584,1.1225917304046302,98.5,53.45,0.78720566,-3.3071,9.9328,0.5505,3.0678,0.0113,0.0061,0.0196,0.0278,0.1181,0.1183,0.0699,0.0835,0.00449,0.03363,0.02058,0.05809,0.08768,0.35018,0.0619,0.20722,0.0353,0.0189,0.0271,0.0609,0.0864,0.0737,0.3673,0.3681,0.3677,0.2173,0.2599,0.2386,-0.279197,-0.009695,0.204194,192.21118,878.52215,1644.23306,1.3040462877303949,143.57,102.45,0.51943863,-3.6004,8.7478,0.7409,2.9661,-0.253552,-0.025882,0.609726,539.60266,1751.79712,4390.59312,1.3509861243394248,235.24,255.32,0.43529895,-3.2479,6.7136,0.7856,3.7559,11.88,92.0
1,0.0721,0.0438,0.0916,0.0279,0.0623,0.0421,0.0638,0.0755,0.0804,0.129,0.02411,0.22121,0.01537,0.28095,0.02319,0.19127,0.04159,0.19576,0.07103,0.24677,0.1975,0.12,0.1588,0.2509,0.0765,0.1637,0.1708,0.1154,0.1431,0.1748,0.207,0.1909,0.2204,0.3535,0.2869,-0.280828,0.011752,1.862687,118.13594,542.61329,999.25584,1.1225917304046302,98.5,53.45,0.78720566,-3.3071,9.9328,0.5505,3.0678,0.0113,0.0061,0.0196,0.0278,0.1181,0.1183,0.0699,0.0835,0.00449,0.03363,0.02058,0.05809,0.08768,0.35018,0.0619,0.20722,0.0353,0.0189,0.0271,0.0609,0.0864,0.0737,0.3673,0.3681,0.3677,0.2173,0.2599,0.2386,-0.279197,-0.009695,0.204194,192.21118,878.52215,1644.23306,1.3040462877303949,143.57,102.45,0.51943863,-3.6004,8.7478,0.7409,2.9661,-0.24913,-0.024384,1.116942,599.65462,1889.67912,4812.0704,1.3709321405530617,253.97,275.2,0.45999442,-3.0857,6.5554,0.7262,3.9521,11.88,90.0
2,0.0721,0.0438,0.0916,0.0279,0.0623,0.0421,0.0638,0.0755,0.0804,0.129,0.02411,0.22121,0.01537,0.28095,0.02319,0.19127,0.04159,0.19576,0.07103,0.24677,0.1975,0.12,0.1588,0.2509,0.0765,0.1637,0.1708,0.1154,0.1431,0.1748,0.207,0.1909,0.2204,0.3535,0.2869,-0.280828,0.011752,1.862687,118.13594,542.61329,999.25584,1.1225917304046302,98.5,53.45,0.78720566,-3.3071,9.9328,0.5505,3.0678,0.0062,0.0066,0.0171,0.0282,0.1055,0.117,0.047,0.0881,0.004,0.02188,0.01713,0.06006,0.07112,0.37042,0.05352,0.16505,0.0203,0.0215,0.0209,0.0558,0.092,0.0739,0.3441,0.3818,0.363,0.1533,0.2873,0.2203,-0.25869,-0.000446,0.883074,222.23716,983.22336,1862.50441,1.3430840468396257,164.62,110.71,0.55902905,-3.1993,11.1194,0.4603,2.2374,-0.253552,-0.025882,0.609726,539.60266,1751.79712,4390.59312,1.3509861243394248,235.24,255.32,0.43529895,-3.2479,6.7136,0.7856,3.7559,11.88,90.0
3,0.0721,0.0438,0.0916,0.0279,0.0623,0.0421,0.0638,0.0755,0.0804,0.129,0.02411,0.22121,0.01537,0.28095,0.02319,0.19127,0.04159,0.19576,0.07103,0.24677,0.1975,0.12,0.1588,0.2509,0.0765,0.1637,0.1708,0.1154,0.1431,0.1748,0.207,0.1909,0.2204,0.3535,0.2869,-0.280828,0.011752,1.862687,118.13594,542.61329,999.25584,1.1225917304046302,98.5,53.45,0.78720566,-3.3071,9.9328,0.5505,3.0678,0.0088,0.0051,0.0173,0.0254,0.1034,0.1122,0.0564,0.0748,0.00432,0.0258,0.02145,0.05054,0.09486,0.30267,0.06327,0.16508,0.0289,0.0167,0.0228,0.0566,0.0832,0.0699,0.3391,0.3677,0.3534,0.1849,0.2452,0.2151,-0.276587,-0.017377,0.778436,271.10724,967.53359,1839.75213,1.3325260787545572,157.27,113.67,0.5155451,-3.542,8.694,0.7215,3.0013,-0.253552,-0.025882,0.609726,539.60266,1751.79712,4390.59312,1.3509861243394248,235.24,255.32,0.43529895,-3.2479,6.7136,0.7856,3.7559,11.88,84.0
4,0.0721,0.0438,0.0916,0.0279,0.0623,0.0421,0.0638,0.0755,0.0804,0.129,0.02411,0.22121,0.01537,0.28095,0.02319,0.19127,0.04159,0.19576,0.07103,0.24677,0.1975,0.12,0.1588,0.2509,0.0765,0.1637,0.1708,0.1154,0.1431,0.1748,0.207,0.1909,0.2204,0.3535,0.2869,-0.280828,0.011752,1.862687,118.13594,542.61329,999.25584,1.1225917304046302,98.5,53.45,0.78720566,-3.3071,9.9328,0.5505,3.0678,0.0093,0.0062,0.0187,0.0277,0.1138,0.1181,0.0645,0.0844,0.00446,0.02818,0.01983,0.05695,0.08442,0.34606,0.06035,0.19627,0.0291,0.0196,0.0243,0.0588,0.0871,0.0729,0.3572,0.3708,0.364,0.2026,0.2651,0.2339,-0.276773,-0.007361,0.315236,206.23776,951.24788,1796.80535,1.3308901864025389,142.61,123.76,0.50143847,-3.1525,8.3157,0.5975,3.5387,-0.253552,-0.025882,0.609726,539.60266,1751.79712,4390.59312,1.3509861243394248,235.24,255.32,0.43529895,-3.2479,6.7136,0.7856,3.7559,11.88,92.0
5,0.0721,0.0438,0.0916,0.0279,0.0623,0.0421,0.0638,0.0755,0.0804,0.129,0.02411,0.22121,0.01537,0.28095,0.02319,0.19127,0.04159,0.19576,0.07103,0.24677,0.1975,0.12,0.1588,0.2509,0.0765,0.1637,0.1708,0.1154,0.1431,0.1748,0.207,0.1909,0.2204,0.3535,0.2869,-0.280828,0.011752,1.862687,118.13594,542.61329,999.25584,1.1225917304046302,98.5,53.45,0.78720566,-3.3071,9.9328,0.5505,3.0678,0.0047,0.0039,0.0144,0.0204,0.0881,0.0889,0.0323,0.0448,0.00323,0.01555,0.01671,0.04785,0.07291,0.29334,0.0367,0.10765,0.0165,0.0139,0.0152,0.0507,0.0719,0.0613,0.3108,0.3136,0.3122,0.114,0.1579,0.136,-0.263497,-0.022689,0.225136,242.26986,1046.8173,2043.82792,1.3440761714750176,177.41,115.73,0.5255293,-3.6969,8.2631,0.827,2.9605,-0.253552,-0.025882,0.609726,539.60266,1751.79712,4390.59312,1.3509861243394248,235.24,255.32,0.43529895,-3.2479,6.7136,0.7856,3.7559,11.88,90.0
6,0.0721,0.0438,0.0916,0.0279,0.0623,0.0421,0.0638,0.0755,0.0804,0.129,0.02411,0.22121,0.01537,0.28095,0.02319,0.19127,0.04159,0.19576,0.07103,0.24677,0.1975,0.12,0.1588,0.2509,0.0765,0.1637,0.1708,0.1154,0.1431,0.1748,0.207,0.1909,0.2204,0.3535,0.2869,-0.280828,0.011752,1.862687,118.13594,542.61329,999.25584,1.1225917304046302,98.5,53.45,0.78720566,-3.3071,9.9328,0.5505,3.0678,0.0071,0.0059,0.0165,0.0266,0.1019,0.1113,0.0453,0.0778,0.0039,0.02409,0.01748,0.05612,0.07308,0.34553,0.05113,0.15369,0.0232,0.0194,0.0213,0.0539,0.0867,0.0703,0.332,0.3627,0.3473,0.1477,0.2537,0.2007,-0.265452,-0.008008,0.881576,222.23716,977.00463,1857.07009,1.3371915816671733,157.4,116.19,0.54874181,-3.9848,8.4819,0.936,2.5993,-0.253552,-0.025882,0.609726,539.60266,1751.79712,4390.59312,1.3509861243394248,235.24,255.32,0.43529895,-3.2479,6.7136,0.7856,3.7559,11.88,93.0
7,0.0721,0.0438,0.0916,0.0279,0.0623,0.0421,0.0638,0.0755,0.0804,0.129,0.02411,0.22121,0.01537,0.28095,0.02319,0.19127,0.04159,0.19576,0.07103,0.24677,0.1975,0.12,0.1588,0.2509,0.0765,0.1637,0.1708,0.1154,0.1431,0.1748,0.207,0.1909,0.2204,0.3535,0.2869,-0.280828,0.011752,1.862687,118.13594,542.61329,999.25584,1.1225917304046302,98.5,53.45,0.78720566,-3.3071,9.9328,0.5505,3.0678,0.0071,0.0059,0.0165,0.0266,0.1019,0.1113,0.0453,0.0778,0.0039,0.02409,0.01748,0.05612,0.07308,0.34553,0.05113,0.15369,0.0232,0.0194,0.0213,0.0539,0.0867,0.0703,0.332,0.3627,0.3473,0.1477,0.2537,0.2007,-0.265452,-0.008008,0.881576,222.23716,977.00463,1857.07009,1.3371915816671733,157.4,116.19,0.54874181,-3.9848,8.4819,0.936,2.5993,-0.24913,-0.024384,1.116942,599.65462,1889.67912,4812.0704,1.3709321405530617,253.97,275.2,0.45999442,-3.0857,6.5554,0.7262,3.9521,11.88,97.0
8,0.0721,0.0438,0.0916,0.0279,0.0623,0.0421,0.0638,0.0755,0.0804,0.129,0.02411,0.22121,0.01537,0.28095,0.02319,0.19127,0.04159,0.19576,0.07103,0.24677,0.1975,0.12,0.1588,0.2509,0.0765,0.1637,0.1708,0.1154,0.1431,0.1748,0.207,0.1909,0.2204,0.3535,0.2869,-0.280828,0.011752,1.862687,118.13594,542.61329,999.25584,1.1225917304046302,98.5,53.45,0.78720566,-3.3071,9.9328,0.5505,3.0678,0.0095,0.0083,0.02,0.0327,0.1214,0.133,0.0577,0.1036,0.00524,0.03222,0.02057,0.06755,0.08356,0.41066,0.06512,0.19526,0.0295,0.0259,0.0277,0.0619,0.1015,0.0817,0.3766,0.4124,0.3945,0.179,0.3214,0.2502,-0.263849,-0.000121,0.412511,182.1733,814.52671,1474.13119,1.3003605404955016,130.21,97.88,0.53865014,-3.2789,8.2667,0.6502,3.4409,-0.253552,-0.025882,0.609726,539.60266,1751.79712,4390.59312,1.3509861243394248,235.24,255.32,0.43529895,-3.2479,6.7136,0.7856,3.7559,11.88,90.0
9,0.0721,0.0438,0.0916,0.0279,0.0623,0.0421,0.0638,0.0755,0.0804,0.129,0.02411,0.22121,0.01537,0.28095,0.02319,0.19127,0.04159,0.19576,0.07103,0.24677,0.1975,0.12,0.1588,0.2509,0.0765,0.1637,0.1708,0.1154,0.1431,0.1748,0.207,0.1909,0.2204,0.3535,0.2869,-0.280828,0.011752,1.862687,118.13594,542.61329,999.25584,1.1225917304046302,98.5,53.45,0.78720566,-3.3071,9.9328,0.5505,3.0678,0.0318,0.0229,0.0248,0.0468,0.1416,0.155,0.1341,0.1668,0.01082,0.07045,0.02213,0.05492,0.07335,0.31349,0.07892,0.29679,0.0768,0.0551,0.066,0.0599,0.1128,0.0863,0.3417,0.374,0.3578,0.3235,0.4024,0.3629,-0.31039,0.049074,0.346403,172.22154,889.46977,1610.63142,1.3385963095800826,78.98,170.09,0.40939949,-3.2613,8.7208,0.6098,3.4288,-0.253552,-0.025882,0.609726,539.60266,1751.79712,4390.59312,1.3509861243394248,235.24,255.32,0.43529895,-3.2479,6.7136,0.7856,3.7559,11.88,90.0
10,0.0393,0.0208,0.0352,0.018,0.0539,0.0245,0.0864,0.0391,0.0725,0.043,0.01228,0.12486,0.01063,0.11162,0.01444,0.17122,0.02306,0.27434,0.02535,0.23015,0.118,0.0625,0.0903,0.1055,0.0541,0.0798,0.1619,0.0735,0.1177,0.2594,0.1173,0.1883,0.2176,0.129,0.1733,-0.279947,0.01127,1.902504,194.2319,848.075,1660.85718,1.250437370017623,141.76,95.73,0.6388032,-4.2987,9.5916,0.9633,2.0738,0.0113,0.0061,0.0196,0.0278,0.1181,0.1183,0.0699,0.0835,0.00449,0.03363,0.02058,0.05809,0.08768,0.35018,0.0619,0.20722,0.0353,0.0189,0.0271,0.0609,0.0864,0.0737,0.3673,0.3681,0.3677,0.2173,0.2599,0.2386,-0.279197,-0.009695,0.204194,192.21118,878.52215,1644.23306,1.3040462877303949,143.57,102.45,0.51943863,-3.6004,8.7478,0.7409,2.9661,-0.253552,-0.025882,0.609726,539.60266,1751.79712,4390.59312,1.3509861243394248,235.24,255.32,0.43529895,-3.2479,6.7136,0.7856,3.7559,11.88,92.0
11,0.0393,0.0208,0.0352,0.018,0.0539,0.0245,0.0864,0.0391,0.0725,0.043,0.01228,0.12486,0.01063,0.11162,0.01444,0.17122,0.02306,0.27434,0.02535,0.23015,0.118,0.0625,0.0903,0.1055,0.0541,0.0798,0.1619,0.0735,0.1177,0.2594,0.1173,0.1883,0.2176,0.129,0.1733,-0.279947,0.01127,1.902504,194.2319,848.075,1660.85718,1.250437370017623,141.76,95.73,0.6388032,-4.2987,9.5916,0.9633,2.0738,0.0113,0.0061,0.0196,0.0278,0.1181,0.1183,0.0699,0.0835,0.00449,0.03363,0.02058,0.05809,0.08768,0.35018,0.0619,0.20722,0.0353,0.0189,0.0271,0.0609,0.0864,0.0737,0.3673,0.3681,0.3677,0.2173,0.2599,0.2386,-0.279197,-0.009695,0.204194,192.21118,878.52215,1644.23306,1.3040462877303949,143.57,102.45,0.51943863,-3.6004,8.7478,0.7409,2.9661,-0.24913,-0.024384,1.116942,599.65462,1889.67912,4812.0704,1.3709321405530617,253.97,275.2,0.45999442,-3.0857,6.5554,0.7262,3.9521,11.88,94.0
12,0.0356,0.037,0.0561,0.0252,0.0776,0.0416,0.0882,0.0665,0.0909,0.1006,0.01848,0.11564,0.01262,0.18224,0.02079,0.25233,0.03327,0.28655,0.05028,0.29536,0.1014,0.1054,0.1034,0.1599,0.072,0.1159,0.2213,0.1186,0.17,0.2514,0.1897,0.2205,0.2591,0.2868,0.2729,-0.275042,0.014865,1.955265,132.16252,621.11407,1153.50362,1.1677268557060636,110.89,63.04,0.75307743,-3.5819,8.7853,0.7302,3.0712,0.0113,0.0061,0.0196,0.0278,0.1181,0.1183,0.0699,0.0835,0.00449,0.03363,0.02058,0.05809,0.08768,0.35018,0.0619,0.20722,0.0353,0.0189,0.0271,0.0609,0.0864,0.0737,0.3673,0.3681,0.3677,0.2173,0.2599,0.2386,-0.279197,-0.009695,0.204194,192.21118,878.52215,1644.23306,1.3040462877303949,143.57,102.45,0.51943863,-3.6004,8.7478,0.7409,2.9661,-0.253552,-0.025882,0.609726,539.60266,1751.79712,4390.59312,1.3509861243394248,235.24,255.32,0.43529895,-3.2479,6.7136,0.7856,3.7559,11.88,41.0
13,0.0356,0.037,0.0561,0.0252,0.0776,0.0416,0.0882,0.0665,0.0909,0.1006,0.01848,0.11564,0.01262,0.18224,0.02079,0.25233,0.03327,0.28655,0.05028,0.29536,0.1014,0.1054,0.1034,0.1599,0.072,0.1159,0.2213,0.1186,0.17,0.2514,0.1897,0.2205,0.2591,0.2868,0.2729,-0.275042,0.014865,1.955265,132.16252,621.11407,1153.50362,1.1677268557060636,110.89,63.04,0.75307743,-3.5819,8.7853,0.7302,3.0712,0.0113,0.0061,0.0196,0.0278,0.1181,0.1183,0.0699,0.0835,0.00449,0.03363,0.02058,0.05809,0.08768,0.35018,0.0619,0.20722,0.0353,0.0189,0.0271,0.0609,0.0864,0.0737,0.3673,0.3681,0.3677,0.2173,0.2599,0.2386,-0.279197,-0.009695,0.204194,192.21118,878.52215,1644.23306,1.3040462877303949,143.57,102.45,0.51943863,-3.6004,8.7478,0.7409,2.9661,-0.24913,-0.024384,1.116942,599.65462,1889.67912,4812.0704,1.3709321405530617,253.97,275.2,0.45999442,-3.0857,6.5554,0.7262,3.9521,11.88,81.0
14,0.0356,0.037,0.0561,0.0252,0.0776,0.0416,0.0882,0.0665,0.0909,0.1006,0.01848,0.11564,0.01262,0.18224,0.02079,0.25233,0.03327,0.28655,0.05028,0.29536,0.1014,0.1054,0.1034,0.1599,0.072,0.1159,0.2213,0.1186,0.17,0.2514,0.1897,0.2205,0.2591,0.2868,0.2729,-0.275042,0.014865,1.955265,132.16252,621.11407,1153.50362,1.1677268557060636,110.89,63.04,0.75307743,-3.5819,8.7853,0.7302,3.0712,0.0255,0.0224,0.0222,0.0455,0.1336,0.1536,0.1134,0.1648,0.01035,0.05837,0.02101,0.051,0.07092,0.30629,0.0761,0.25985,0.0627,0.0552,0.059,0.0548,0.1121,0.0835,0.3292,0.3784,0.3538,0.2793,0.4061,0.3427,-0.307264,0.049331,0.371581,198.25882,942.97332,1796.67433,1.3193773944127554,74.22,189.83,0.38624649,-3.3365,9.3037,0.5983,3.0797,-0.253552,-0.025882,0.609726,539.60266,1751.79712,4390.59312,1.3509861243394248,235.24,255.32,0.43529895,-3.2479,6.7136,0.7856,3.7559,11.88,47.0
15,0.0356,0.037,0.0561,0.0252,0.0776,0.0416,0.0882,0.0665,0.0909,0.1006,0.01848,0.11564,0.01262,0.18224,0.02079,0.25233,0.03327,0.28655,0.05028,0.29536,0.1014,0.1054,0.1034,0.1599,0.072,0.1159,0.2213,0.1186,0.17,0.2514,0.1897,0.2205,0.2591,0.2868,0.2729,-0.275042,0.014865,1.955265,132.16252,621.11407,1153.50362,1.1677268557060636,110.89,63.04,0.75307743,-3.5819,8.7853,0.7302,3.0712,0.0255,0.0224,0.0222,0.0455,0.1336,0.1536,0.1134,0.1648,0.01035,0.05837,0.02101,0.051,0.07092,0.30629,0.0761,0.25985,0.0627,0.0552,0.059,0.0548,0.1121,0.0835,0.3292,0.3784,0.3538,0.2793,0.4061,0.3427,-0.307264,0.049331,0.371581,198.25882,942.97332,1796.67433,1.3193773944127554,74.22,189.83,0.38624649,-3.3365,9.3037,0.5983,3.0797,-0.24913,-0.024384,1.116942,599.65462,1889.67912,4812.0704,1.3709321405530617,253.97,275.2,0.45999442,-3.0857,6.5554,0.7262,3.9521,11.88,90.0
16,0.0322,0.0407,0.0606,0.0254,0.081,0.04,0.0775,0.0707,0.077,0.1016,0.02502,0.09306,0.01562,0.17482,0.02454,0.23381,0.04342,0.22375,0.06237,0.22235,0.0919,0.1161,0.104,0.1727,0.0725,0.1226,0.2309,0.1139,0.1724,0.221,0.2016,0.2113,0.2196,0.2896,0.2546,-0.284025,0.006449,1.774754,152.581,612.03596,1137.85614,1.1611845364771314,96.09,75.3,0.65758304,-3.1458,9.5678,0.5171,3.264,0.0113,0.0061,0.0196,0.0278,0.1181,0.1183,0.0699,0.0835,0.00449,0.03363,0.02058,0.05809,0.08768,0.35018,0.0619,0.20722,0.0353,0.0189,0.0271,0.0609,0.0864,0.0737,0.3673,0.3681,0.3677,0.2173,0.2599,0.2386,-0.279197,-0.009695,0.204194,192.21118,878.52215,1644.23306,1.3040462877303949,143.57,102.45,0.51943863,-3.6004,8.7478,0.7409,2.9661,-0.253552,-0.025882,0.609726,539.60266,1751.79712,4390.59312,1.3509861243394248,235.24,255.32,0.43529895,-3.2479,6.7136,0.7856,3.7559,11.88,83.0
17,0.0322,0.0407,0.0606,0.0254,0.081,0.04,0.0775,0.0707,0.077,0.1016,0.02502,0.09306,0.01562,0.17482,0.02454,0.23381,0.04342,0.22375,0.06237,0.22235,0.0919,0.1161,0.104,0.1727,0.0725,0.1226,0.2309,0.1139,0.1724,0.221,0.2016,0.2113,0.2196,0.2896,0.2546,-0.284025,0.006449,1.774754,152.581,612.03596,1137.85614,1.1611845364771314,96.09,75.3,0.65758304,-3.1458,9.5678,0.5171,3.264,0.0113,0.0061,0.0196,0.0278,0.1181,0.1183,0.0699,0.0835,0.00449,0.03363,0.02058,0.05809,0.08768,0.35018,0.0619,0.20722,0.0353,0.0189,0.0271,0.0609,0.0864,0.0737,0.3673,0.3681,0.3677,0.2173,0.2599,0.2386,-0.279197,-0.009695,0.204194,192.21118,878.52215,1644.23306,1.3040462877303949,143.57,102.45,0.51943863,-3.6004,8.7478,0.7409,2.9661,-0.24913,-0.024384,1.116942,599.65462,1889.67912,4812.0704,1.3709321405530617,253.97,275.2,0.45999442,-3.0857,6.5554,0.7262,3.9521,11.88,52.0
18,0.0322,0.0407,0.0606,0.0254,0.081,0.04,0.0775,0.0707,0.077,0.1016,0.02502,0.09306,0.01562,0.17482,0.02454,0.23381,0.04342,0.22375,0.06237,0.22235,0.0919,0.1161,0.104,0.1727,0.0725,0.1226,0.2309,0.1139,0.1724,0.221,0.2016,0.2113,0.2196,0.2896,0.2546,-0.284025,0.006449,1.774754,152.581,612.03596,1137.85614,1.1611845364771314,96.09,75.3,0.65758304,-3.1458,9.5678,0.5171,3.264,0.0113,0.0061,0.0196,0.0278,0.1181,0.1183,0.0699,0.0835,0.00449,0.03363,0.02058,0.05809,0.08768,0.35018,0.0619,0.20722,0.0353,0.0189,0.0271,0.0609,0.0864,0.0737,0.3673,0.3681,0.3677,0.2173,0.2599,0.2386,-0.279197,-0.009695,0.204194,192.21118,878.52215,1644.23306,1.3040462877303949,143.57,102.45,0.51943863,-3.6004,8.7478,0.7409,2.9661,-0.253552,-0.025882,0.609726,539.60266,1751.79712,4390.59312,1.3509861243394248,235.24,255.32,0.43529895,-3.2479,6.7136,0.7856,3.7559,11.88,85.0
19,0.031,0.0381,0.0658,0.0252,0.0825,0.04,0.062,0.0603,0.0726,0.1008,0.02244,0.09123,0.01482,0.19365,0.02355,0.24277,0.03554,0.18232,0.0594,0.21367,0.0885,0.1087,0.0986,0.1879,0.0718,0.1298,0.2355,0.1141,0.1748,0.1769,0.1722,0.1745,0.2073,0.2878,0.2476,-0.280459,0.011133,2.023204,148.16192,648.51924,1210.34861,1.180769400901596,116.53,65.07,0.73884862,-4.0283,8.7092,0.9316,2.4141,0.0113,0.0061,0.0196,0.0278,0.1181,0.1183,0.0699,0.0835,0.00449,0.03363,0.02058,0.05809,0.08768,0.35018,0.0619,0.20722,0.0353,0.0189,0.0271,0.0609,0.0864,0.0737,0.3673,0.3681,0.3677,0.2173,0.2599,0.2386,-0.279197,-0.009695,0.204194,192.21118,878.52215,1644.23306,1.3040462877303949,143.57,102.45,0.51943863,-3.6004,8.7478,0.7409,2.9661,-0.253552,-0.025882,0.609726,539.60266,1751.79712,4390.59312,1.3509861243394248,235.24,255.32,0.43529895,-3.2479,6.7136,0.7856,3.7559,11.88,53.0
20,0.031,0.0381,0.0658,0.0252,0.0825,0.04,0.062,0.0603,0.0726,0.1008,0.02244,0.09123,0.01482,0.19365,0.02355,0.24277,0.03554,0.18232,0.0594,0.21367,0.0885,0.1087,0.0986,0.1879,0.0718,0.1298,0.2355,0.1141,0.1748,0.1769,0.1722,0.1745,0.2073,0.2878,0.2476,-0.280459,0.011133,2.023204,148.16192,648.51924,1210.34861,1.180769400901596,116.53,65.07,0.73884862,-4.0283,8.7092,0.9316,2.4141,0.0113,0.0061,0.0196,0.0278,0.1181,0.1183,0.0699,0.0835,0.00449,0.03363,0.02058,0.05809,0.08768,0.35018,0.0619,0.20722,0.0353,0.0189,0.0271,0.0609,0.0864,0.0737,0.3673,0.3681,0.3677,0.2173,0.2599,0.2386,-0.279197,-0.009695,0.204194,192.21118,878.52215,1644.23306,1.3040462877303949,143.57,102.45,0.51943863,-3.6004,8.7478,0.7409,2.9661,-0.253552,-0.025882,0.609726,539.60266,1751.79712,4390.59312,1.3509861243394248,235.24,255.32,0.43529895,-3.2479,6.7136,0.7856,3.7559,11.88,53.0
21,0.031,0.0381,0.0658,0.0252,0.0825,0.04,0.062,0.0603,0.0726,0.1008,0.02244,0.09123,0.01482,0.19365,0.02355,0.24277,0.03554,0.18232,0.0594,0.21367,0.0885,0.1087,0.0986,0.1879,0.0718,0.1298,0.2355,0.1141,0.1748,0.1769,0.1722,0.1745,0.2073,0.2878,0.2476,-0.280459,0.011133,2.023204,148.16192,648.51924,1210.34861,1.180769400901596,116.53,65.07,0.73884862,-4.0283,8.7092,0.9316,2.4141,0.0113,0.0061,0.0196,0.0278,0.1181,0.1183,0.0699,0.0835,0.00449,0.03363,0.02058,0.05809,0.08768,0.35018,0.0619,0.20722,0.0353,0.0189,0.0271,0.0609,0.0864,0.0737,0.3673,0.3681,0.3677,0.2173,0.2599,0.2386,-0.279197,-0.009695,0.204194,192.21118,878.52215,1644.23306,1.3040462877303949,143.57,102.45,0.51943863,-3.6004,8.7478,0.7409,2.9661,-0.24913,-0.024384,1.116942,599.65462,1889.67912,4812.0704,1.3709321405530617,253.97,275.2,0.45999442,-3.0857,6.5554,0.7262,3.9521,11.88,75.0
22,0.0678,0.1192,0.2075,0.1623,0.1751,0.1087,0.1051,0.1206,0.1725,0.1833,0.03366,0.20496,0.04583,0.62704,0.03069,0.52921,0.03405,0.31758,0.05176,0.52129,0.1517,0.2667,0.2092,0.4642,0.3631,0.4136,0.3918,0.2431,0.3174,0.2351,0.2698,0.2524,0.3859,0.41,0.398,-0.283728,0.074025,1.920348,68.07726,366.69552,598.61907,1.0675489089776484,71.87,30.82,0.94105128,-4.2215,9.3754,0.9504,2.2051,0.0113,0.0061,0.0196,0.0278,0.1181,0.1183,0.0699,0.0835,0.00449,0.03363,0.02058,0.05809,0.08768,0.35018,0.0619,0.20722,0.0353,0.0189,0.0271,0.0609,0.0864,0.0737,0.3673,0.3681,0.3677,0.2173,0.2599,0.2386,-0.279197,-0.009695,0.204194,192.21118,878.52215,1644.23306,1.3040462877303949,143.57,102.45,0.51943863,-3.6004,8.7478,0.7409,2.9661,-0.253552,-0.025882,0.609726,539.60266,1751.79712,4390.59312,1.3509861243394248,235.24,255.32,0.43529895,-3.2479,6.7136,0.7856,3.7559,11.88,73.0
23,0.0678,0.1192,0.2075,0.1623,0.1751,0.1087,0.1051,0.1206,0.1725,0.1833,0.03366,0.20496,0.04583,0.62704,0.03069,0.52921,0.03405,0.31758,0.05176,0.52129,0.1517,0.2667,0.2092,0.4642,0.3631,0.4136,0.3918,0.2431,0.3174,0.2351,0.2698,0.2524,0.3859,0.41,0.398,-0.283728,0.074025,1.920348,68.07726,366.69552,598.61907,1.0675489089776484,71.87,30.82,0.94105128,-4.2215,9.3754,0.9504,2.2051,0.0113,0.0061,0.0196,0.0278,0.1181,0.1183,0.0699,0.0835,0.00449,0.03363,0.02058,0.05809,0.08768,0.35018,0.0619,0.20722,0.0353,0.0189,0.0271,0.0609,0.0864,0.0737,0.3673,0.3681,0.3677,0.2173,0.2599,0.2386,-0.279197,-0.009695,0.204194,192.21118,878.52215,1644.23306,1.3040462877303949,143.57,102.45,0.51943863,-3.6004,8.7478,0.7409,2.9661,-0.24913,-0.024384,1.116942,599.65462,1889.67912,4812.0704,1.3709321405530617,253.97,275.2,0.45999442,-3.0857,6.5554,0.7262,3.9521,11.88,87.0
24,0.0276,0.0322,0.0808,0.0302,0.0747,0.0418,0.0923,0.0545,0.0492,0.0357,0.01954,0.09854,0.01834,0.28785,0.02542,0.26636,0.03308,0.32911,0.02168,0.17537,0.093,0.1081,0.1006,0.2716,0.1015,0.1866,0.2513,0.1407,0.196,0.3105,0.1831,0.2468,0.1655,0.12,0.1427,-0.259945,-0.000609,1.766684,220.26918,931.45005,1900.48286,1.2553537987064098,151.19,109.65,0.64489484,-3.4569,8.235,0.7256,3.4035,0.0113,0.0061,0.0196,0.0278,0.1181,0.1183,0.0699,0.0835,0.00449,0.03363,0.02058,0.05809,0.08768,0.35018,0.0619,0.20722,0.0353,0.0189,0.0271,0.0609,0.0864,0.0737,0.3673,0.3681,0.3677,0.2173,0.2599,0.2386,-0.279197,-0.009695,0.204194,192.21118,878.52215,1644.23306,1.3040462877303949,143.57,102.45,0.51943863,-3.6004,8.7478,0.7409,2.9661,-0.24913,-0.024384,1.116942,599.65462,1889.67912,4812.0704,1.3709321405530617,253.97,275.2,0.45999442,-3.0857,6.5554,0.7262,3.9521,11.88,83.0
25,0.039,0.0462,0.1309,0.0743,0.1017,0.0471,0.0686,0.0672,0.0666,0.0432,0.02661,0.13744,0.04275,0.46184,0.02713,0.35884,0.03866,0.24198,0.02486,0.23502,0.1225,0.1454,0.134,0.4117,0.2336,0.3226,0.3199,0.1482,0.234,0.2157,0.2112,0.2135,0.2095,0.1358,0.1727,-0.262058,-0.000219,1.817788,144.17322,658.19852,1251.86105,1.1717510701741112,116.1,68.21,0.71182216,-3.2299,7.734,0.6744,3.8096,0.0113,0.0061,0.0196,0.0278,0.1181,0.1183,0.0699,0.0835,0.00449,0.03363,0.02058,0.05809,0.08768,0.35018,0.0619,0.20722,0.0353,0.0189,0.0271,0.0609,0.0864,0.0737,0.3673,0.3681,0.3677,0.2173,0.2599,0.2386,-0.279197,-0.009695,0.204194,192.21118,878.52215,1644.23306,1.3040462877303949,143.57,102.45,0.51943863,-3.6004,8.7478,0.7409,2.9661,-0.24913,-0.024384,1.116942,599.65462,1889.67912,4812.0704,1.3709321405530617,253.97,275.2,0.45999442,-3.0857,6.5554,0.7262,3.9521,11.88,68.0
26,0.0511,0.0484,0.1143,0.0911,0.0667,0.0413,0.041,0.0345,0.0882,0.0512,0.02247,0.18477,0.04232,0.41303,0.01921,0.24114,0.01601,0.1481,0.02379,0.31884,0.1551,0.1467,0.1509,0.3467,0.2764,0.3115,0.2024,0.1254,0.1639,0.1243,0.1046,0.1144,0.2677,0.1554,0.2115,-0.259492,0.011239,2.073884,144.17322,655.84078,1251.38841,1.167847693736384,119.68,63.97,0.79301954,-3.617,8.2129,0.7965,3.2609,0.0113,0.0061,0.0196,0.0278,0.1181,0.1183,0.0699,0.0835,0.00449,0.03363,0.02058,0.05809,0.08768,0.35018,0.0619,0.20722,0.0353,0.0189,0.0271,0.0609,0.0864,0.0737,0.3673,0.3681,0.3677,0.2173,0.2599,0.2386,-0.279197,-0.009695,0.204194,192.21118,878.52215,1644.23306,1.3040462877303949,143.57,102.45,0.51943863,-3.6004,8.7478,0.7409,2.9661,-0.24913,-0.024384,1.116942,599.65462,1889.67912,4812.0704,1.3709321405530617,253.97,275.2,0.45999442,-3.0857,6.5554,0.7262,3.9521,11.88,75.0
27,0.089,0.0698,0.0727,0.0411,0.0592,0.0372,0.0443,0.0418,0.1121,0.1229,0.06725,0.18461,0.03956,0.15083,0.03581,0.12279,0.0403,0.09191,0.11835,0.23256,0.2526,0.1981,0.2253,0.2063,0.1165,0.1614,0.168,0.1055,0.1367,0.1257,0.1187,0.1222,0.3182,0.3486,0.3334,-0.308672,-0.021314,2.491124,154.55712,570.49132,1046.17281,1.144711284754944,110.55,49.21,0.84141944,-3.7045,8.1058,0.8465,3.1413,0.0113,0.0061,0.0196,0.0278,0.1181,0.1183,0.0699,0.0835,0.00449,0.03363,0.02058,0.05809,0.08768,0.35018,0.0619,0.20722,0.0353,0.0189,0.0271,0.0609,0.0864,0.0737,0.3673,0.3681,0.3677,0.2173,0.2599,0.2386,-0.279197,-0.009695,0.204194,192.21118,878.52215,1644.23306,1.3040462877303949,143.57,102.45,0.51943863,-3.6004,8.7478,0.7409,2.9661,-0.253552,-0.025882,0.609726,539.60266,1751.79712,4390.59312,1.3509861243394248,235.24,255.32,0.43529895,-3.2479,6.7136,0.7856,3.7559,11.88,83.0
28,0.089,0.0698,0.0727,0.0411,0.0592,0.0372,0.0443,0.0418,0.1121,0.1229,0.06725,0.18461,0.03956,0.15083,0.03581,0.12279,0.0403,0.09191,0.11835,0.23256,0.2526,0.1981,0.2253,0.2063,0.1165,0.1614,0.168,0.1055,0.1367,0.1257,0.1187,0.1222,0.3182,0.3486,0.3334,-0.308672,-0.021314,2.491124,154.55712,570.49132,1046.17281,1.144711284754944,110.55,49.21,0.84141944,-3.7045,8.1058,0.8465,3.1413,0.0062,0.0066,0.0171,0.0282,0.1055,0.117,0.047,0.0881,0.004,0.02188,0.01713,0.06006,0.07112,0.37042,0.05352,0.16505,0.0203,0.0215,0.0209,0.0558,0.092,0.0739,0.3441,0.3818,0.363,0.1533,0.2873,0.2203,-0.25869,-0.000446,0.883074,222.23716,983.22336,1862.50441,1.3430840468396257,164.62,110.71,0.55902905,-3.1993,11.1194,0.4603,2.2374,-0.253552,-0.025882,0.609726,539.60266,1751.79712,4390.59312,1.3509861243394248,235.24,255.32,0.43529895,-3.2479,6.7136,0.7856,3.7559,11.88,91.0
29,0.089,0.0698,0.0727,0.0411,0.0592,0.0372,0.0443,0.0418,0.1121,0.1229,0.06725,0.18461,0.03956,0.15083,0.03581,0.12279,0.0403,0.09191,0.11835,0.23256,0.2526,0.1981,0.2253,0.2063,0.1165,0.1614,0.168,0.1055,0.1367,0.1257,0.1187,0.1222,0.3182,0.3486,0.3334,-0.308672,-0.021314,2.491124,154.55712,570.49132,1046.17281,1.144711284754944,110.55,49.21,0.84141944,-3.7045,8.1058,0.8465,3.1413,0.0088,0.0051,0.0173,0.0254,0.1034,0.1122,0.0564,0.0748,0.00432,0.0258,0.02145,0.05054,0.09486,0.30267,0.06327,0.16508,0.0289,0.0167,0.0228,0.0566,0.0832,0.0699,0.3391,0.3677,0.3534,0.1849,0.2452,0.2151,-0.276587,-0.017377,0.778436,271.10724,967.53359,1839.75213,1.3325260787545572,157.27,113.67,0.5155451,-3.542,8.694,0.7215,3.0013,-0.253552,-0.025882,0.609726,539.60266,1751.79712,4390.59312,1.3509861243394248,235.24,255.32,0.43529895,-3.2479,6.7136,0.7856,3.7559,11.88,76.0
30,0.089,0.0698,0.0727,0.0411,0.0592,0.0372,0.0443,0.0418,0.1121,0.1229,0.06725,0.18461,0.03956,0.15083,0.03581,0.12279,0.0403,0.09191,0.11835,0.23256,0.2526,0.1981,0.2253,0.2063,0.1165,0.1614,0.168,0.1055,0.1367,0.1257,0.1187,0.1222,0.3182,0.3486,0.3334,-0.308672,-0.021314,2.491124,154.55712,570.49132,1046.17281,1.144711284754944,110.55,49.21,0.84141944,-3.7045,8.1058,0.8465,3.1413,0.0093,0.0062,0.0187,0.0277,0.1138,0.1181,0.0645,0.0844,0.00446,0.02818,0.01983,0.05695,0.08442,0.34606,0.06035,0.19627,0.0291,0.0196,0.0243,0.0588,0.0871,0.0729,0.3572,0.3708,0.364,0.2026,0.2651,0.2339,-0.276773,-0.007361,0.315236,206.23776,951.24788,1796.80535,1.3308901864025389,142.61,123.76,0.50143847,-3.1525,8.3157,0.5975,3.5387,-0.253552,-0.025882,0.609726,539.60266,1751.79712,4390.59312,1.3509861243394248,235.24,255.32,0.43529895,-3.2479,6.7136,0.7856,3.7559,11.88,75.0
31,0.089,0.0698,0.0727,0.0411,0.0592,0.0372,0.0443,0.0418,0.1121,0.1229,0.06725,0.18461,0.03956,0.15083,0.03581,0.12279,0.0403,0.09191,0.11835,0.23256,0.2526,0.1981,0.2253,0.2063,0.1165,0.1614,0.168,0.1055,0.1367,0.1257,0.1187,0.1222,0.3182,0.3486,0.3334,-0.308672,-0.021314,2.491124,154.55712,570.49132,1046.17281,1.144711284754944,110.55,49.21,0.84141944,-3.7045,8.1058,0.8465,3.1413,0.0047,0.0039,0.0144,0.0204,0.0881,0.0889,0.0323,0.0448,0.00323,0.01555,0.01671,0.04785,0.07291,0.29334,0.0367,0.10765,0.0165,0.0139,0.0152,0.0507,0.0719,0.0613,0.3108,0.3136,0.3122,0.114,0.1579,0.136,-0.263497,-0.022689,0.225136,242.26986,1046.8173,2043.82792,1.3440761714750176,177.41,115.73,0.5255293,-3.6969,8.2631,0.827,2.9605,-0.253552,-0.025882,0.609726,539.60266,1751.79712,4390.59312,1.3509861243394248,235.24,255.32,0.43529895,-3.2479,6.7136,0.7856,3.7559,11.88,77.0
32,0.089,0.0698,0.0727,0.0411,0.0592,0.0372,0.0443,0.0418,0.1121,0.1229,0.06725,0.18461,0.03956,0.15083,0.03581,0.12279,0.0403,0.09191,0.11835,0.23256,0.2526,0.1981,0.2253,0.2063,0.1165,0.1614,0.168,0.1055,0.1367,0.1257,0.1187,0.1222,0.3182,0.3486,0.3334,-0.308672,-0.021314,2.491124,154.55712,570.49132,1046.17281,1.144711284754944,110.55,49.21,0.84141944,-3.7045,8.1058,0.8465,3.1413,0.0071,0.0059,0.0165,0.0266,0.1019,0.1113,0.0453,0.0778,0.0039,0.02409,0.01748,0.05612,0.07308,0.34553,0.05113,0.15369,0.0232,0.0194,0.0213,0.0539,0.0867,0.0703,0.332,0.3627,0.3473,0.1477,0.2537,0.2007,-0.265452,-0.008008,0.881576,222.23716,977.00463,1857.07009,1.3371915816671733,157.4,116.19,0.54874181,-3.9848,8.4819,0.936,2.5993,-0.253552,-0.025882,0.609726,539.60266,1751.79712,4390.59312,1.3509861243394248,235.24,255.32,0.43529895,-3.2479,6.7136,0.7856,3.7559,11.88,60.0
33,0.089,0.0698,0.0727,0.0411,0.0592,0.0372,0.0443,0.0418,0.1121,0.1229,0.06725,0.18461,0.03956,0.15083,0.03581,0.12279,0.0403,0.09191,0.11835,0.23256,0.2526,0.1981,0.2253,0.2063,0.1165,0.1614,0.168,0.1055,0.1367,0.1257,0.1187,0.1222,0.3182,0.3486,0.3334,-0.308672,-0.021314,2.491124,154.55712,570.49132,1046.17281,1.144711284754944,110.55,49.21,0.84141944,-3.7045,8.1058,0.8465,3.1413,0.0071,0.0059,0.0165,0.0266,0.1019,0.1113,0.0453,0.0778,0.0039,0.02409,0.01748,0.05612,0.07308,0.34553,0.05113,0.15369,0.0232,0.0194,0.0213,0.0539,0.0867,0.0703,0.332,0.3627,0.3473,0.1477,0.2537,0.2007,-0.265452,-0.008008,0.881576,222.23716,977.00463,1857.07009,1.3371915816671733,157.4,116.19,0.54874181,-3.9848,8.4819,0.936,2.5993,-0.24913,-0.024384,1.116942,599.65462,1889.67912,4812.0704,1.3709321405530617,253.97,275.2,0.45999442,-3.0857,6.5554,0.7262,3.9521,11.88,84.0
34,0.089,0.0698,0.0727,0.0411,0.0592,0.0372,0.0443,0.0418,0.1121,0.1229,0.06725,0.18461,0.03956,0.15083,0.03581,0.12279,0.0403,0.09191,0.11835,0.23256,0.2526,0.1981,0.2253,0.2063,0.1165,0.1614,0.168,0.1055,0.1367,0.1257,0.1187,0.1222,0.3182,0.3486,0.3334,-0.308672,-0.021314,2.491124,154.55712,570.49132,1046.17281,1.144711284754944,110.55,49.21,0.84141944,-3.7045,8.1058,0.8465,3.1413,0.0259,0.0214,0.0223,0.0437,0.1245,0.1487,0.113,0.1599,0.00983,0.05805,0.0201,0.04981,0.06842,0.27862,0.07359,0.25291,0.0635,0.0523,0.0579,0.0545,0.1069,0.0807,0.3048,0.3638,0.3343,0.2766,0.3913,0.334,-0.309513,0.049342,0.326457,214.30128,1114.98311,2076.63365,1.416481497797964,78.49,233.73,0.35204373,-3.1898,11.1192,0.4575,2.2655,-0.253552,-0.025882,0.609726,539.60266,1751.79712,4390.59312,1.3509861243394248,235.24,255.32,0.43529895,-3.2479,6.7136,0.7856,3.7559,11.88,68.0
35,0.089,0.0698,0.0727,0.0411,0.0592,0.0372,0.0443,0.0418,0.1121,0.1229,0.06725,0.18461,0.03956,0.15083,0.03581,0.12279,0.0403,0.09191,0.11835,0.23256,0.2526,0.1981,0.2253,0.2063,0.1165,0.1614,0.168,0.1055,0.1367,0.1257,0.1187,0.1222,0.3182,0.3486,0.3334,-0.308672,-0.021314,2.491124,154.55712,570.49132,1046.17281,1.144711284754944,110.55,49.21,0.84141944,-3.7045,8.1058,0.8465,3.1413,0.0259,0.0214,0.0223,0.0437,0.1245,0.1487,0.113,0.1599,0.00983,0.05805,0.0201,0.04981,0.06842,0.27862,0.07359,0.25291,0.0635,0.0523,0.0579,0.0545,0.1069,0.0807,0.3048,0.3638,0.3343,0.2766,0.3913,0.334,-0.309513,0.049342,0.326457,214.30128,1114.98311,2076.63365,1.416481497797964,78.49,233.73,0.35204373,-3.1898,11.1192,0.4575,2.2655,-0.24913,-0.024384,1.116942,599.65462,1889.67912,4812.0704,1.3709321405530617,253.97,275.2,0.45999442,-3.0857,6.5554,0.7262,3.9521,11.88,85.0
36,0.0341,0.0402,0.0439,0.0331,0.0536,0.0357,0.0454,0.0662,0.0806,0.1174,0.02933,0.10472,0.02415,0.13489,0.02604,0.16477,0.04836,0.13941,0.08576,0.24759,0.1056,0.1244,0.115,0.136,0.1024,0.1192,0.1662,0.1105,0.1383,0.1406,0.2051,0.1729,0.2497,0.3638,0.3067,-0.275031,-0.011142,1.270671,166.20364,657.674,1244.4934,1.175433733155829,108.1,76.07,0.71181256,-4.2526,7.9108,1.143,2.703,0.0113,0.0061,0.0196,0.0278,0.1181,0.1183,0.0699,0.0835,0.00449,0.03363,0.02058,0.05809,0.08768,0.35018,0.0619,0.20722,0.0353,0.0189,0.0271,0.0609,0.0864,0.0737,0.3673,0.3681,0.3677,0.2173,0.2599,0.2386,-0.279197,-0.009695,0.204194,192.21118,878.52215,1644.23306,1.3040462877303949,143.57,102.45,0.51943863,-3.6004,8.7478,0.7409,2.9661,-0.253552,-0.025882,0.609726,539.60266,1751.79712,4390.59312,1.3509861243394248,235.24,255.32,0.43529895,-3.2479,6.7136,0.7856,3.7559,11.88,91.0
37,0.0418,0.0504,0.0487,0.0287,0.073,0.033,0.0683,0.0816,0.0989,0.1366,0.02604,0.13652,0.01486,0.15905,0.01708,0.23843,0.0422,0.22302,0.07062,0.32278,0.119,0.1432,0.1311,0.1386,0.0817,0.1102,0.2078,0.0939,0.1508,0.1943,0.2321,0.2132,0.2813,0.3884,0.3348,-0.269707,0.016304,1.270087,135.1267,552.77955,1011.34191,1.1344947931521205,111.9,42.89,0.82899265,-3.2709,9.069,0.5898,3.1737,0.0113,0.0061,0.0196,0.0278,0.1181,0.1183,0.0699,0.0835,0.00449,0.03363,0.02058,0.05809,0.08768,0.35018,0.0619,0.20722,0.0353,0.0189,0.0271,0.0609,0.0864,0.0737,0.3673,0.3681,0.3677,0.2173,0.2599,0.2386,-0.279197,-0.009695,0.204194,192.21118,878.52215,1644.23306,1.3040462877303949,143.57,102.45,0.51943863,-3.6004,8.7478,0.7409,2.9661,-0.253552,-0.025882,0.609726,539.60266,1751.79712,4390.59312,1.3509861243394248,235.24,255.32,0.43529895,-3.2479,6.7136,0.7856,3.7559,11.88,81.0
38,0.0418,0.0504,0.0487,0.0287,0.073,0.033,0.0683,0.0816,0.0989,0.1366,0.02604,0.13652,0.01486,0.15905,0.01708,0.23843,0.0422,0.22302,0.07062,0.32278,0.119,0.1432,0.1311,0.1386,0.0817,0.1102,0.2078,0.0939,0.1508,0.1943,0.2321,0.2132,0.2813,0.3884,0.3348,-0.269707,0.016304,1.270087,135.1267,552.77955,1011.34191,1.1344947931521205,111.9,42.89,0.82899265,-3.2709,9.069,0.5898,3.1737,0.0113,0.0061,0.0196,0.0278,0.1181,0.1183,0.0699,0.0835,0.00449,0.03363,0.02058,0.05809,0.08768,0.35018,0.0619,0.20722,0.0353,0.0189,0.0271,0.0609,0.0864,0.0737,0.3673,0.3681,0.3677,0.2173,0.2599,0.2386,-0.279197,-0.009695,0.204194,192.21118,878.52215,1644.23306,1.3040462877303949,143.57,102.45,0.51943863,-3.6004,8.7478,0.7409,2.9661,-0.253552,-0.025882,0.609726,539.60266,1751.79712,4390.59312,1.3509861243394248,235.24,255.32,0.43529895,-3.2479,6.7136,0.7856,3.7559,11.88,88.0
39,0.0331,0.0358,0.0403,0.0347,0.0533,0.0343,0.0479,0.0573,0.0759,0.1073,0.03338,0.07988,0.03235,0.0974,0.03198,0.12855,0.05342,0.11567,0.09995,0.18315,0.1034,0.112,0.1077,0.1261,0.1085,0.1173,0.1664,0.1072,0.1368,0.1497,0.1791,0.1644,0.237,0.3352,0.2861,-0.300773,-0.020886,3.131131,335.35834,1261.42746,2674.14183,1.3539060579102822,173.24,179.99,0.64208591,-3.8296,8.0864,0.9068,3.1464,0.0113,0.0061,0.0196,0.0278,0.1181,0.1183,0.0699,0.0835,0.00449,0.03363,0.02058,0.05809,0.08768,0.35018,0.0619,0.20722,0.0353,0.0189,0.0271,0.0609,0.0864,0.0737,0.3673,0.3681,0.3677,0.2173,0.2599,0.2386,-0.279197,-0.009695,0.204194,192.21118,878.52215,1644.23306,1.3040462877303949,143.57,102.45,0.51943863,-3.6004,8.7478,0.7409,2.9661,-0.253552,-0.025882,0.609726,539.60266,1751.79712,4390.59312,1.3509861243394248,235.24,255.32,0.43529895,-3.2479,6.7136,0.7856,3.7559,11.88,29.0
40,0.0331,0.0358,0.0403,0.0347,0.0533,0.0343,0.0479,0.0573,0.0759,0.1073,0.03338,0.07988,0.03235,0.0974,0.03198,0.12855,0.05342,0.11567,0.09995,0.18315,0.1034,0.112,0.1077,0.1261,0.1085,0.1173,0.1664,0.1072,0.1368,0.1497,0.1791,0.1644,0.237,0.3352,0.2861,-0.300773,-0.020886,3.131131,335.35834,1261.42746,2674.14183,1.3539060579102822,173.24,179.99,0.64208591,-3.8296,8.0864,0.9068,3.1464,0.0113,0.0061,0.0196,0.0278,0.1181,0.1183,0.0699,0.0835,0.00449,0.03363,0.02058,0.05809,0.08768,0.35018,0.0619,0.20722,0.0353,0.0189,0.0271,0.0609,0.0864,0.0737,0.3673,0.3681,0.3677,0.2173,0.2599,0.2386,-0.279197,-0.009695,0.204194,192.21118,878.52215,1644.23306,1.3040462877303949,143.57,102.45,0.51943863,-3.6004,8.7478,0.7409,2.9661,-0.24913,-0.024384,1.116942,599.65462,1889.67912,4812.0704,1.3709321405530617,253.97,275.2,0.45999442,-3.0857,6.5554,0.7262,3.9521,11.88,82.0
41,0.085,0.0673,0.0752,0.0399,0.0567,0.0357,0.0423,0.0398,0.1099,0.1185,0.06399,0.18742,0.03795,0.16576,0.03393,0.12509,0.0378,0.09318,0.11262,0.24238,0.2467,0.1954,0.221,0.2182,0.1159,0.167,0.1647,0.1036,0.1341,0.1226,0.1154,0.119,0.319,0.3439,0.3315,-0.303859,-0.021161,3.152215,169.57176,623.8063,1151.44663,1.1741847168691522,131.64,43.04,0.97200501,-3.2085,8.7544,0.588,3.402,0.0113,0.0061,0.0196,0.0278,0.1181,0.1183,0.0699,0.0835,0.00449,0.03363,0.02058,0.05809,0.08768,0.35018,0.0619,0.20722,0.0353,0.0189,0.0271,0.0609,0.0864,0.0737,0.3673,0.3681,0.3677,0.2173,0.2599,0.2386,-0.279197,-0.009695,0.204194,192.21118,878.52215,1644.23306,1.3040462877303949,143.57,102.45,0.51943863,-3.6004,8.7478,0.7409,2.9661,-0.253552,-0.025882,0.609726,539.60266,1751.79712,4390.59312,1.3509861243394248,235.24,255.32,0.43529895,-3.2479,6.7136,0.7856,3.7559,11.88,75.0
42,0.085,0.0673,0.0752,0.0399,0.0567,0.0357,0.0423,0.0398,0.1099,0.1185,0.06399,0.18742,0.03795,0.16576,0.03393,0.12509,0.0378,0.09318,0.11262,0.24238,0.2467,0.1954,0.221,0.2182,0.1159,0.167,0.1647,0.1036,0.1341,0.1226,0.1154,0.119,0.319,0.3439,0.3315,-0.303859,-0.021161,3.152215,169.57176,623.8063,1151.44663,1.1741847168691522,131.64,43.04,0.97200501,-3.2085,8.7544,0.588,3.402,0.0113,0.0061,0.0196,0.0278,0.1181,0.1183,0.0699,0.0835,0.00449,0.03363,0.02058,0.05809,0.08768,0.35018,0.0619,0.20722,0.0353,0.0189,0.0271,0.0609,0.0864,0.0737,0.3673,0.3681,0.3677,0.2173,0.2599,0.2386,-0.279197,-0.009695,0.204194,192.21118,878.52215,1644.23306,1.3040462877303949,143.57,102.45,0.51943863,-3.6004,8.7478,0.7409,2.9661,-0.24913,-0.024384,1.116942,599.65462,1889.67912,4812.0704,1.3709321405530617,253.97,275.2,0.45999442,-3.0857,6.5554,0.7262,3.9521,11.88,83.0
43,0.0742,0.0324,0.023,0.0235,0.0185,0.0204,0.1069,0.0772,0.0811,0.0593,0.02353,0.25251,0.01704,0.07821,0.01478,0.06305,0.056,0.36396,0.04303,0.27586,0.2452,0.1071,0.1761,0.0759,0.0776,0.0768,0.0612,0.0673,0.0643,0.3534,0.255,0.3042,0.2678,0.1959,0.2319,-0.266254,-0.015081,0.4129,189.21054,835.45787,1584.82817,1.2709222273471519,123.33,110.62,0.50045569,-3.4624,8.7156,0.6878,3.2066,0.0141,0.0049,0.0182,0.0274,0.1085,0.1182,0.0674,0.0828,0.00351,0.04218,0.0198,0.05469,0.08525,0.32552,0.05976,0.20215,0.044,0.0152,0.0296,0.057,0.0859,0.0715,0.3395,0.3698,0.3546,0.2108,0.2592,0.235,-0.278935,-0.008898,0.248755,234.29092,1071.96455,2095.01922,1.3538512736651913,130.52,169.66,0.43670565,-3.2835,9.6527,0.5585,2.7112,-0.24913,-0.024384,1.116942,599.65462,1889.67912,4812.0704,1.3709321405530617,253.97,275.2,0.45999442,-3.0857,6.5554,0.7262,3.9521,10.33,89.0
44,0.0742,0.0324,0.023,0.0235,0.0185,0.0204,0.1069,0.0772,0.0811,0.0593,0.02353,0.25251,0.01704,0.07821,0.01478,0.06305,0.056,0.36396,0.04303,0.27586,0.2452,0.1071,0.1761,0.0759,0.0776,0.0768,0.0612,0.0673,0.0643,0.3534,0.255,0.3042,0.2678,0.1959,0.2319,-0.266254,-0.015081,0.4129,189.21054,835.45787,1584.82817,1.2709222273471519,123.33,110.62,0.50045569,-3.4624,8.7156,0.6878,3.2066,0.0064,0.0053,0.0165,0.0277,0.1038,0.117,0.0471,0.0871,0.00317,0.02248,0.01654,0.05831,0.06989,0.3674,0.05205,0.16679,0.0208,0.0174,0.0191,0.0539,0.0906,0.0723,0.3397,0.3827,0.3612,0.1542,0.285,0.2196,-0.258471,-3e-05,0.750821,264.3169,1176.12207,2312.41112,1.3907793775601756,155.37,173.98,0.47535865,-3.1839,8.3389,0.6078,3.5124,-0.24913,-0.024384,1.116942,599.65462,1889.67912,4812.0704,1.3709321405530617,253.97,275.2,0.45999442,-3.0857,6.5554,0.7262,3.9521,10.33,88.0
45,0.0742,0.0324,0.023,0.0235,0.0185,0.0204,0.1069,0.0772,0.0811,0.0593,0.02353,0.25251,0.01704,0.07821,0.01478,0.06305,0.056,0.36396,0.04303,0.27586,0.2452,0.1071,0.1761,0.0759,0.0776,0.0768,0.0612,0.0673,0.0643,0.3534,0.255,0.3042,0.2678,0.1959,0.2319,-0.266254,-0.015081,0.4129,189.21054,835.45787,1584.82817,1.2709222273471519,123.33,110.62,0.50045569,-3.4624,8.7156,0.6878,3.2066,0.011,0.0039,0.0163,0.0249,0.097,0.1122,0.0554,0.0739,0.00319,0.03252,0.02059,0.04834,0.09282,0.28713,0.06115,0.16388,0.0362,0.0127,0.0244,0.0538,0.082,0.0679,0.3194,0.3696,0.3445,0.1823,0.2435,0.2129,-0.276214,-0.016679,0.96287,313.18698,1160.99668,2290.36445,1.3816895000450897,148.23,176.88,0.44087648,-3.1835,10.8215,0.4683,2.3125,-0.24913,-0.024384,1.116942,599.65462,1889.67912,4812.0704,1.3709321405530617,253.97,275.2,0.45999442,-3.0857,6.5554,0.7262,3.9521,10.33,87.0
46,0.0742,0.0324,0.023,0.0235,0.0185,0.0204,0.1069,0.0772,0.0811,0.0593,0.02353,0.25251,0.01704,0.07821,0.01478,0.06305,0.056,0.36396,0.04303,0.27586,0.2452,0.1071,0.1761,0.0759,0.0776,0.0768,0.0612,0.0673,0.0643,0.3534,0.255,0.3042,0.2678,0.1959,0.2319,-0.266254,-0.015081,0.4129,189.21054,835.45787,1584.82817,1.2709222273471519,123.33,110.62,0.50045569,-3.4624,8.7156,0.6878,3.2066,0.016,0.0034,0.0179,0.0243,0.1037,0.1116,0.0702,0.0692,0.00316,0.04157,0.02274,0.04643,0.10444,0.26954,0.06481,0.18257,0.0513,0.0108,0.0311,0.0573,0.0779,0.0676,0.3327,0.358,0.3453,0.2253,0.2221,0.2237,-0.289323,-0.023891,1.4754,302.28888,1185.21931,2327.49979,1.3954731789277923,158.75,173.14,0.46511715,-3.747,8.3014,0.8457,2.926,-0.24913,-0.024384,1.116942,599.65462,1889.67912,4812.0704,1.3709321405530617,253.97,275.2,0.45999442,-3.0857,6.5554,0.7262,3.9521,10.33,85.0
47,0.0742,0.0324,0.023,0.0235,0.0185,0.0204,0.1069,0.0772,0.0811,0.0593,0.02353,0.25251,0.01704,0.07821,0.01478,0.06305,0.056,0.36396,0.04303,0.27586,0.2452,0.1071,0.1761,0.0759,0.0776,0.0768,0.0612,0.0673,0.0643,0.3534,0.255,0.3042,0.2678,0.1959,0.2319,-0.266254,-0.015081,0.4129,189.21054,835.45787,1584.82817,1.2709222273471519,123.33,110.62,0.50045569,-3.4624,8.7156,0.6878,3.2066,0.0082,0.005,0.0146,0.0275,0.0814,0.1192,0.0415,0.0839,0.00336,0.02653,0.01842,0.04752,0.07992,0.26508,0.05624,0.1352,0.0262,0.0161,0.0211,0.0468,0.0881,0.0675,0.2613,0.3823,0.3218,0.1333,0.269,0.2012,-0.271542,-0.006594,0.751409,264.3169,1176.01001,2313.02897,1.3903992102826193,156.29,173.03,0.47256802,-3.3727,8.482,0.6706,3.2548,-0.24913,-0.024384,1.116942,599.65462,1889.67912,4812.0704,1.3709321405530617,253.97,275.2,0.45999442,-3.0857,6.5554,0.7262,3.9521,10.33,95.0
48,0.0742,0.0324,0.023,0.0235,0.0185,0.0204,0.1069,0.0772,0.0811,0.0593,0.02353,0.25251,0.01704,0.07821,0.01478,0.06305,0.056,0.36396,0.04303,0.27586,0.2452,0.1071,0.1761,0.0759,0.0776,0.0768,0.0612,0.0673,0.0643,0.3534,0.255,0.3042,0.2678,0.1959,0.2319,-0.266254,-0.015081,0.4129,189.21054,835.45787,1584.82817,1.2709222273471519,123.33,110.62,0.50045569,-3.4624,8.7156,0.6878,3.2066,0.0077,0.0044,0.0161,0.026,0.1009,0.1119,0.047,0.0772,0.00284,0.02664,0.01687,0.05556,0.07279,0.3473,0.05022,0.16184,0.0255,0.0144,0.0199,0.0532,0.0854,0.0693,0.3322,0.3685,0.3504,0.1548,0.2542,0.2045,-0.264279,-0.008796,0.73401,264.3169,1169.70378,2306.76206,1.3854469545247743,151.01,176.55,0.47161223,-3.5198,8.666,0.7148,3.0418,-0.24913,-0.024384,1.116942,599.65462,1889.67912,4812.0704,1.3709321405530617,253.97,275.2,0.45999442,-3.0857,6.5554,0.7262,3.9521,10.33,72.0
49,0.0742,0.0324,0.023,0.0235,0.0185,0.0204,0.1069,0.0772,0.0811,0.0593,0.02353,0.25251,0.01704,0.07821,0.01478,0.06305,0.056,0.36396,0.04303,0.27586,0.2452,0.1071,0.1761,0.0759,0.0776,0.0768,0.0612,0.0673,0.0643,0.3534,0.255,0.3042,0.2678,0.1959,0.2319,-0.266254,-0.015081,0.4129,189.21054,835.45787,1584.82817,1.2709222273471519,123.33,110.62,0.50045569,-3.4624,8.7156,0.6878,3.2066,0.0116,0.0067,0.019,0.0318,0.1142,0.1331,0.0566,0.1026,0.00408,0.03963,0.01942,0.06521,0.08116,0.3915,0.06258,0.19393,0.0361,0.0209,0.0285,0.0593,0.0994,0.0794,0.3563,0.4153,0.3858,0.1765,0.3202,0.2484,-0.263157,0.000716,0.282443,224.25304,1007.5102,1924.19627,1.3466841484805674,121.38,160.75,0.44533589,-3.5568,7.7138,0.82,3.3298,-0.24913,-0.024384,1.116942,599.65462,1889.67912,4812.0704,1.3709321405530617,253.97,275.2,0.45999442,-3.0857,6.5554,0.7262,3.9521,10.33,85.0
50,0.0742,0.0324,0.023,0.0235,0.0185,0.0204,0.1069,0.0772,0.0811,0.0593,0.02353,0.25251,0.01704,0.07821,0.01478,0.06305,0.056,0.36396,0.04303,0.27586,0.2452,0.1071,0.1761,0.0759,0.0776,0.0768,0.0612,0.0673,0.0643,0.3534,0.255,0.3042,0.2678,0.1959,0.2319,-0.266254,-0.015081,0.4129,189.21054,835.45787,1584.82817,1.2709222273471519,123.33,110.62,0.50045569,-3.4624,8.7156,0.6878,3.2066,0.0176,0.0092,0.0205,0.0356,0.1279,0.1386,0.0746,0.0967,0.00549,0.05409,0.02131,0.06301,0.08292,0.39375,0.05785,0.2297,0.0514,0.0268,0.0391,0.0598,0.1042,0.082,0.3739,0.4054,0.3897,0.2181,0.2828,0.2505,-0.275214,0.009406,0.351552,198.25882,985.55784,1855.43007,1.3496928030114932,95.58,180.4,0.40103195,-3.3116,8.3491,0.6568,3.392,-0.24913,-0.024384,1.116942,599.65462,1889.67912,4812.0704,1.3709321405530617,253.97,275.2,0.45999442,-3.0857,6.5554,0.7262,3.9521,10.33,86.0
51,0.0742,0.0324,0.023,0.0235,0.0185,0.0204,0.1069,0.0772,0.0811,0.0593,0.02353,0.25251,0.01704,0.07821,0.01478,0.06305,0.056,0.36396,0.04303,0.27586,0.2452,0.1071,0.1761,0.0759,0.0776,0.0768,0.0612,0.0673,0.0643,0.3534,0.255,0.3042,0.2678,0.1959,0.2319,-0.266254,-0.015081,0.4129,189.21054,835.45787,1584.82817,1.2709222273471519,123.33,110.62,0.50045569,-3.4624,8.7156,0.6878,3.2066,0.0344,0.0188,0.0213,0.0434,0.1223,0.1445,0.1229,0.156,0.00862,0.07785,0.01984,0.04831,0.06609,0.27697,0.07138,0.27848,0.0841,0.0461,0.0651,0.0522,0.1061,0.0792,0.2992,0.3535,0.3263,0.3008,0.3818,0.3413,-0.309709,0.050062,0.296883,200.2747,1007.61386,1905.81258,1.3554699126448169,67.31,214.85,0.35028733,-3.3206,8.7726,0.6284,3.3828,-0.24913,-0.024384,1.116942,599.65462,1889.67912,4812.0704,1.3709321405530617,253.97,275.2,0.45999442,-3.0857,6.5554,0.7262,3.9521,10.33,92.0
52,0.0791,0.0323,0.028,0.0184,0.0249,0.0241,0.0767,0.0727,0.0433,0.0585,0.02176,0.30131,0.01243,0.10668,0.01624,0.09485,0.04904,0.29215,0.03947,0.16493,0.2783,0.1135,0.1959,0.0985,0.0648,0.0817,0.0876,0.0847,0.0862,0.2698,0.2558,0.2628,0.1523,0.2059,0.1791,-0.252188,-0.015954,0.407715,219.23652,939.72391,1802.39331,1.312048154524363,153.64,109.51,0.55356527,-3.8296,8.0864,0.9068,3.1464,0.0141,0.0049,0.0182,0.0274,0.1085,0.1182,0.0674,0.0828,0.00351,0.04218,0.0198,0.05469,0.08525,0.32552,0.05976,0.20215,0.044,0.0152,0.0296,0.057,0.0859,0.0715,0.3395,0.3698,0.3546,0.2108,0.2592,0.235,-0.278935,-0.008898,0.248755,234.29092,1071.96455,2095.01922,1.3538512736651913,130.52,169.66,0.43670565,-3.2835,9.6527,0.5585,2.7112,-0.24913,-0.024384,1.116942,599.65462,1889.67912,4812.0704,1.3709321405530617,253.97,275.2,0.45999442,-3.0857,6.5554,0.7262,3.9521,10.33,88.0
53,0.0891,0.034,0.016,0.021,0.0213,0.0255,0.1096,0.0726,0.0625,0.0601,0.02707,0.29066,0.01671,0.05233,0.02029,0.06948,0.0578,0.35738,0.04789,0.2037,0.2953,0.1126,0.204,0.0532,0.0695,0.0613,0.0706,0.0844,0.0775,0.3631,0.2404,0.3018,0.207,0.1992,0.2031,-0.270462,-0.019602,1.120201,207.201,850.94939,1610.85824,1.2805053328512885,141.22,97.07,0.53425649,-3.4897,8.8855,0.6853,3.0808,0.0141,0.0049,0.0182,0.0274,0.1085,0.1182,0.0674,0.0828,0.00351,0.04218,0.0198,0.05469,0.08525,0.32552,0.05976,0.20215,0.044,0.0152,0.0296,0.057,0.0859,0.0715,0.3395,0.3698,0.3546,0.2108,0.2592,0.235,-0.278935,-0.008898,0.248755,234.29092,1071.96455,2095.01922,1.3538512736651913,130.52,169.66,0.43670565,-3.2835,9.6527,0.5585,2.7112,-0.24913,-0.024384,1.116942,599.65462,1889.67912,4812.0704,1.3709321405530617,253.97,275.2,0.45999442,-3.0857,6.5554,0.7262,3.9521,10.33,84.0
54,0.0856,0.0314,0.0154,0.0187,0.0203,0.0242,0.1014,0.0721,0.057,0.0604,0.02662,0.26904,0.01581,0.04826,0.02051,0.06383,0.06105,0.31865,0.05112,0.17897,0.2875,0.1056,0.1965,0.0516,0.0627,0.0571,0.0682,0.0813,0.0748,0.3405,0.2421,0.2913,0.1913,0.2027,0.197,-0.271475,-0.020765,1.315712,223.6556,899.4472,1719.14303,1.296035435080698,152.87,99.01,0.5276854,-2.8258,8.0574,0.4955,3.9221,0.0141,0.0049,0.0182,0.0274,0.1085,0.1182,0.0674,0.0828,0.00351,0.04218,0.0198,0.05469,0.08525,0.32552,0.05976,0.20215,0.044,0.0152,0.0296,0.057,0.0859,0.0715,0.3395,0.3698,0.3546,0.2108,0.2592,0.235,-0.278935,-0.008898,0.248755,234.29092,1071.96455,2095.01922,1.3538512736651913,130.52,169.66,0.43670565,-3.2835,9.6527,0.5585,2.7112,-0.24913,-0.024384,1.116942,599.65462,1889.67912,4812.0704,1.3709321405530617,253.97,275.2,0.45999442,-3.0857,6.5554,0.7262,3.9521,10.33,91.0
55,0.0673,0.0222,0.0193,0.0219,0.0223,0.0201,0.1083,0.0602,0.0856,0.0522,0.02533,0.18198,0.025,0.05213,0.02299,0.06031,0.0688,0.29286,0.05966,0.23148,0.2316,0.0762,0.1539,0.0663,0.0752,0.0708,0.0767,0.0692,0.073,0.3727,0.2071,0.2899,0.2946,0.1795,0.2371,-0.281999,-0.042788,2.805831,234.2081,923.8283,1769.33109,1.3058733680872086,154.16,104.54,0.63064127,-3.7014,7.8899,0.8682,3.3098,0.0141,0.0049,0.0182,0.0274,0.1085,0.1182,0.0674,0.0828,0.00351,0.04218,0.0198,0.05469,0.08525,0.32552,0.05976,0.20215,0.044,0.0152,0.0296,0.057,0.0859,0.0715,0.3395,0.3698,0.3546,0.2108,0.2592,0.235,-0.278935,-0.008898,0.248755,234.29092,1071.96455,2095.01922,1.3538512736651913,130.52,169.66,0.43670565,-3.2835,9.6527,0.5585,2.7112,-0.24913,-0.024384,1.116942,599.65462,1889.67912,4812.0704,1.3709321405530617,253.97,275.2,0.45999442,-3.0857,6.5554,0.7262,3.9521,10.33,90.0
56,0.0776,0.03,0.0165,0.024,0.0226,0.0225,0.102,0.0836,0.0709,0.0457,0.02724,0.24424,0.02178,0.05191,0.02038,0.0711,0.07582,0.32103,0.04144,0.22311,0.2612,0.1011,0.1812,0.0555,0.0808,0.0682,0.076,0.0756,0.0758,0.3433,0.2814,0.3124,0.2386,0.1538,0.1962,-0.268637,-0.028934,0.632014,145.15798,645.69189,1211.32802,1.1749878206691908,106.17,74.65,0.5599818,-3.6061,7.5028,0.8666,3.3903,0.0141,0.0049,0.0182,0.0274,0.1085,0.1182,0.0674,0.0828,0.00351,0.04218,0.0198,0.05469,0.08525,0.32552,0.05976,0.20215,0.044,0.0152,0.0296,0.057,0.0859,0.0715,0.3395,0.3698,0.3546,0.2108,0.2592,0.235,-0.278935,-0.008898,0.248755,234.29092,1071.96455,2095.01922,1.3538512736651913,130.52,169.66,0.43670565,-3.2835,9.6527,0.5585,2.7112,-0.24913,-0.024384,1.116942,599.65462,1889.67912,4812.0704,1.3709321405530617,253.97,275.2,0.45999442,-3.0857,6.5554,0.7262,3.9521,10.33,89.0
57,0.0677,0.0483,0.0212,0.0201,0.0229,0.0127,0.1,0.0531,0.0829,0.1293,0.02838,0.23036,0.0118,0.07224,0.00748,0.0779,0.03123,0.34011,0.07601,0.28205,0.2105,0.15,0.1803,0.066,0.0624,0.0642,0.0712,0.0395,0.0553,0.3107,0.1651,0.2379,0.2577,0.4018,0.3298,-0.265823,0.00383,2.153797,175.18396,742.79661,1423.08677,1.2140359141590233,127.64,80.37,0.71001311,-3.0364,7.1198,0.6475,3.9923,0.0141,0.0049,0.0182,0.0274,0.1085,0.1182,0.0674,0.0828,0.00351,0.04218,0.0198,0.05469,0.08525,0.32552,0.05976,0.20215,0.044,0.0152,0.0296,0.057,0.0859,0.0715,0.3395,0.3698,0.3546,0.2108,0.2592,0.235,-0.278935,-0.008898,0.248755,234.29092,1071.96455,2095.01922,1.3538512736651913,130.52,169.66,0.43670565,-3.2835,9.6527,0.5585,2.7112,-0.24913,-0.024384,1.116942,599.65462,1889.67912,4812.0704,1.3709321405530617,253.97,275.2,0.45999442,-3.0857,6.5554,0.7262,3.9521,10.33,84.0
58,0.0706,0.0515,0.0199,0.0207,0.0213,0.0093,0.0925,0.0473,0.0785,0.13,0.03542,0.2264,0.01423,0.06379,0.00643,0.06841,0.0325,0.29675,0.0894,0.25167,0.2204,0.1608,0.1906,0.0621,0.0646,0.0633,0.0666,0.0292,0.0479,0.2889,0.1475,0.2182,0.245,0.4059,0.3254,-0.267584,-0.003083,2.781925,145.15798,635.45228,1208.01746,1.1584661371339164,120.65,57.3,0.84137663,-2.9984,7.5486,0.5955,3.9718,0.0141,0.0049,0.0182,0.0274,0.1085,0.1182,0.0674,0.0828,0.00351,0.04218,0.0198,0.05469,0.08525,0.32552,0.05976,0.20215,0.044,0.0152,0.0296,0.057,0.0859,0.0715,0.3395,0.3698,0.3546,0.2108,0.2592,0.235,-0.278935,-0.008898,0.248755,234.29092,1071.96455,2095.01922,1.3538512736651913,130.52,169.66,0.43670565,-3.2835,9.6527,0.5585,2.7112,-0.24913,-0.024384,1.116942,599.65462,1889.67912,4812.0704,1.3709321405530617,253.97,275.2,0.45999442,-3.0857,6.5554,0.7262,3.9521,10.33,87.0
59,0.0432,0.0386,0.0165,0.024,0.0226,0.0225,0.102,0.0836,0.0709,0.0457,0.03504,0.13586,0.02178,0.05191,0.02038,0.0711,0.07582,0.32103,0.04144,0.22311,0.1453,0.13,0.1377,0.0555,0.0808,0.0682,0.076,0.0756,0.0758,0.3433,0.2814,0.3124,0.2386,0.1538,0.1962,-0.251086,0.017794,0.627808,161.20044,746.27065,1422.41627,1.2200971977295731,108.06,100.92,0.55623746,-3.0891,9.5432,0.4999,3.2505,0.0141,0.0049,0.0182,0.0274,0.1085,0.1182,0.0674,0.0828,0.00351,0.04218,0.0198,0.05469,0.08525,0.32552,0.05976,0.20215,0.044,0.0152,0.0296,0.057,0.0859,0.0715,0.3395,0.3698,0.3546,0.2108,0.2592,0.235,-0.278935,-0.008898,0.248755,234.29092,1071.96455,2095.01922,1.3538512736651913,130.52,169.66,0.43670565,-3.2835,9.6527,0.5585,2.7112,-0.24913,-0.024384,1.116942,599.65462,1889.67912,4812.0704,1.3709321405530617,253.97,275.2,0.45999442,-3.0857,6.5554,0.7262,3.9521,10.33,88.0
60,0.0726,0.0468,0.0201,0.0216,0.0197,0.0202,0.096,0.0613,0.0836,0.1303,0.03209,0.22371,0.01483,0.06199,0.01386,0.06077,0.04198,0.29582,0.08928,0.25769,0.2224,0.1434,0.1829,0.0616,0.0663,0.064,0.0604,0.062,0.0612,0.2941,0.1876,0.2408,0.2562,0.399,0.3276,-0.271346,-0.000339,3.06725,142.15734,643.83934,1205.36627,1.1754767100510384,120.89,59.4,0.84956383,-2.5197,8.7487,0.3629,4.0351,0.0141,0.0049,0.0182,0.0274,0.1085,0.1182,0.0674,0.0828,0.00351,0.04218,0.0198,0.05469,0.08525,0.32552,0.05976,0.20215,0.044,0.0152,0.0296,0.057,0.0859,0.0715,0.3395,0.3698,0.3546,0.2108,0.2592,0.235,-0.278935,-0.008898,0.248755,234.29092,1071.96455,2095.01922,1.3538512736651913,130.52,169.66,0.43670565,-3.2835,9.6527,0.5585,2.7112,-0.24913,-0.024384,1.116942,599.65462,1889.67912,4812.0704,1.3709321405530617,253.97,275.2,0.45999442,-3.0857,6.5554,0.7262,3.9521,10.33,93.0
61,0.0661,0.0358,0.018,0.0181,0.011,0.0117,0.0791,0.0373,0.0792,0.0961,0.01774,0.25944,0.00895,0.07055,0.00578,0.04301,0.01847,0.31013,0.04764,0.31074,0.2234,0.1209,0.1722,0.0607,0.061,0.0609,0.037,0.0394,0.0382,0.267,0.1259,0.1965,0.2676,0.3247,0.2961,-0.246105,0.00705,1.317567,193.24384,836.63323,1694.40562,1.2172302318986665,129.5,104.78,0.58698224,-3.4238,9.5468,0.6139,2.8861,0.0141,0.0049,0.0182,0.0274,0.1085,0.1182,0.0674,0.0828,0.00351,0.04218,0.0198,0.05469,0.08525,0.32552,0.05976,0.20215,0.044,0.0152,0.0296,0.057,0.0859,0.0715,0.3395,0.3698,0.3546,0.2108,0.2592,0.235,-0.278935,-0.008898,0.248755,234.29092,1071.96455,2095.01922,1.3538512736651913,130.52,169.66,0.43670565,-3.2835,9.6527,0.5585,2.7112,-0.24913,-0.024384,1.116942,599.65462,1889.67912,4812.0704,1.3709321405530617,253.97,275.2,0.45999442,-3.0857,6.5554,0.7262,3.9521,10.33,21.0
62,0.0846,0.0271,0.0152,0.0228,0.0171,0.0194,0.0171,0.0194,0.0171,0.0194,0.0235,0.27992,0.01978,0.05017,0.01681,0.05657,0.01681,0.05657,0.01681,0.05657,0.2917,0.0934,0.1925,0.0523,0.0786,0.0654,0.059,0.0668,0.0629,0.059,0.0668,0.0629,0.059,0.0668,0.0629,-0.261935,-0.026795,0.76693,159.18456,706.99127,1359.91558,1.1910279696297656,116.04,81.94,0.54525603,-3.3513,9.5317,0.5892,2.9426,0.0141,0.0049,0.0182,0.0274,0.1085,0.1182,0.0674,0.0828,0.00351,0.04218,0.0198,0.05469,0.08525,0.32552,0.05976,0.20215,0.044,0.0152,0.0296,0.057,0.0859,0.0715,0.3395,0.3698,0.3546,0.2108,0.2592,0.235,-0.278935,-0.008898,0.248755,234.29092,1071.96455,2095.01922,1.3538512736651913,130.52,169.66,0.43670565,-3.2835,9.6527,0.5585,2.7112,-0.24913,-0.024384,1.116942,599.65462,1889.67912,4812.0704,1.3709321405530617,253.97,275.2,0.45999442,-3.0857,6.5554,0.7262,3.9521,10.33,82.0
63,0.0322,0.0333,0.0289,0.0113,0.0282,0.007,0.0778,0.037,0.062,0.0577,0.02886,0.10927,0.00975,0.09809,0.00604,0.09574,0.03204,0.26377,0.04999,0.21012,0.1169,0.1208,0.1188,0.1049,0.0408,0.0729,0.1024,0.0253,0.0638,0.2822,0.1341,0.2081,0.2248,0.2092,0.217,-0.262743,-0.023628,2.923826,221.25394,911.52548,1856.15885,1.2479808703311417,151.82,103.43,0.68202951,-2.621,12.1646,0.2824,3.0217,0.0141,0.0049,0.0182,0.0274,0.1085,0.1182,0.0674,0.0828,0.00351,0.04218,0.0198,0.05469,0.08525,0.32552,0.05976,0.20215,0.044,0.0152,0.0296,0.057,0.0859,0.0715,0.3395,0.3698,0.3546,0.2108,0.2592,0.235,-0.278935,-0.008898,0.248755,234.29092,1071.96455,2095.01922,1.3538512736651913,130.52,169.66,0.43670565,-3.2835,9.6527,0.5585,2.7112,-0.24913,-0.024384,1.116942,599.65462,1889.67912,4812.0704,1.3709321405530617,253.97,275.2,0.45999442,-3.0857,6.5554,0.7262,3.9521,10.33,93.0
64,0.037,0.0228,0.0231,0.0119,0.0121,0.01,0.076,0.0379,0.0674,0.0409,0.01479,0.14757,0.00772,0.09208,0.00645,0.04844,0.02455,0.30334,0.02651,0.26919,0.1413,0.0873,0.1143,0.0882,0.0456,0.0669,0.0464,0.0381,0.0422,0.2904,0.1449,0.2177,0.2577,0.1565,0.2071,-0.243983,-0.01281,1.245949,269.3398,1103.58915,2340.29345,1.2946223078181134,156.19,152.84,0.49993045,-3.1356,8.0918,0.6075,3.5643,0.0141,0.0049,0.0182,0.0274,0.1085,0.1182,0.0674,0.0828,0.00351,0.04218,0.0198,0.05469,0.08525,0.32552,0.05976,0.20215,0.044,0.0152,0.0296,0.057,0.0859,0.0715,0.3395,0.3698,0.3546,0.2108,0.2592,0.235,-0.278935,-0.008898,0.248755,234.29092,1071.96455,2095.01922,1.3538512736651913,130.52,169.66,0.43670565,-3.2835,9.6527,0.5585,2.7112,-0.24913,-0.024384,1.116942,599.65462,1889.67912,4812.0704,1.3709321405530617,253.97,275.2,0.45999442,-3.0857,6.5554,0.7262,3.9521,10.33,95.0
65,0.0383,0.0201,0.0292,0.0145,0.0198,0.0174,0.0896,0.0441,0.0791,0.0363,0.01198,0.15228,0.00861,0.11605,0.01034,0.07853,0.02625,0.35586,0.0216,0.31417,0.1382,0.0725,0.1054,0.1053,0.0521,0.0787,0.0713,0.0626,0.0669,0.323,0.1589,0.2409,0.2851,0.1307,0.2079,-0.24462,-0.00735,1.076791,207.27042,904.77238,1844.61222,1.2438991059295392,125.85,127.51,0.49656524,-3.156,8.6546,0.5754,3.5273,0.0141,0.0049,0.0182,0.0274,0.1085,0.1182,0.0674,0.0828,0.00351,0.04218,0.0198,0.05469,0.08525,0.32552,0.05976,0.20215,0.044,0.0152,0.0296,0.057,0.0859,0.0715,0.3395,0.3698,0.3546,0.2108,0.2592,0.235,-0.278935,-0.008898,0.248755,234.29092,1071.96455,2095.01922,1.3538512736651913,130.52,169.66,0.43670565,-3.2835,9.6527,0.5585,2.7112,-0.24913,-0.024384,1.116942,599.65462,1889.67912,4812.0704,1.3709321405530617,253.97,275.2,0.45999442,-3.0857,6.5554,0.7262,3.9521,10.33,89.0
66,0.0597,0.0305,0.0262,0.0225,0.0196,0.0397,0.1046,0.0431,0.0903,0.081,0.01107,0.24071,0.00818,0.10586,0.0144,0.07916,0.01564,0.42207,0.02939,0.36424,0.1855,0.0949,0.1402,0.0816,0.0701,0.0759,0.061,0.1234,0.0922,0.3253,0.1341,0.2297,0.2808,0.2519,0.2663,-0.244002,0.021099,1.361191,171.23832,775.29422,1544.11859,1.200038890273378,97.4,119.7,0.50132645,-2.8868,8.9679,0.4646,3.6145,0.0141,0.0049,0.0182,0.0274,0.1085,0.1182,0.0674,0.0828,0.00351,0.04218,0.0198,0.05469,0.08525,0.32552,0.05976,0.20215,0.044,0.0152,0.0296,0.057,0.0859,0.0715,0.3395,0.3698,0.3546,0.2108,0.2592,0.235,-0.278935,-0.008898,0.248755,234.29092,1071.96455,2095.01922,1.3538512736651913,130.52,169.66,0.43670565,-3.2835,9.6527,0.5585,2.7112,-0.24913,-0.024384,1.116942,599.65462,1889.67912,4812.0704,1.3709321405530617,253.97,275.2,0.45999442,-3.0857,6.5554,0.7262,3.9521,10.33,88.0
67,0.0742,0.0324,0.023,0.0235,0.0185,0.0204,0.1069,0.0772,0.0811,0.0593,0.02353,0.25251,0.01704,0.07821,0.01478,0.06305,0.056,0.36396,0.04303,0.27586,0.2452,0.1071,0.1761,0.0759,0.0776,0.0768,0.0612,0.0673,0.0643,0.3534,0.255,0.3042,0.2678,0.1959,0.2319,-0.266254,-0.015081,0.4129,189.21054,835.45787,1584.82817,1.2709222273471519,123.33,110.62,0.50045569,-3.4624,8.7156,0.6878,3.2066,0.0189,0.0075,0.0088,0.0244,0.036,0.0973,0.0228,0.0884,0.00416,0.05136,0.01363,0.02391,0.05432,0.0977,0.04938,0.06188,0.0534,0.021,0.0372,0.0249,0.0688,0.0468,0.1016,0.2742,0.1879,0.0643,0.2492,0.1568,-0.294295,0.026263,0.943,278.34348,1271.96958,2477.94689,1.436364307071486,158.39,197.8,0.44621879,-3.2672,11.2793,0.4732,2.2134,-0.24913,-0.024384,1.116942,599.65462,1889.67912,4812.0704,1.3709321405530617,253.97,275.2,0.45999442,-3.0857,6.5554,0.7262,3.9521,10.33,70.0
68,0.0742,0.0324,0.023,0.0235,0.0185,0.0204,0.1069,0.0772,0.0811,0.0593,0.02353,0.25251,0.01704,0.07821,0.01478,0.06305,0.056,0.36396,0.04303,0.27586,0.2452,0.1071,0.1761,0.0759,0.0776,0.0768,0.0612,0.0673,0.0643,0.3534,0.255,0.3042,0.2678,0.1959,0.2319,-0.266254,-0.015081,0.4129,189.21054,835.45787,1584.82817,1.2709222273471519,123.33,110.62,0.50045569,-3.4624,8.7156,0.6878,3.2066,0.0289,0.0166,0.0195,0.0418,0.1153,0.1467,0.1051,0.1537,0.00775,0.06675,0.01957,0.04516,0.06871,0.26655,0.07197,0.24313,0.0726,0.0416,0.0571,0.0491,0.1051,0.0771,0.2898,0.369,0.3294,0.2644,0.3865,0.3254,-0.307465,0.047157,0.268758,240.33856,1125.23891,2243.19826,1.357840768251075,64.18,250.91,0.32088681,-3.1936,11.0446,0.4617,2.2921,-0.24913,-0.024384,1.116942,599.65462,1889.67912,4812.0704,1.3709321405530617,253.97,275.2,0.45999442,-3.0857,6.5554,0.7262,3.9521,10.33,54.0
